{
  "train_accuracy": 0.5819672131147541,
  "test_accuracy": 0.4180327868852459,
  "classification_report": {
    "Average": {
      "precision": 0.6216216216216216,
      "recall": 0.8214285714285714,
      "f1-score": 0.7076923076923077,
      "support": 28.0
    },
    "Excellent": {
      "precision": 0.3125,
      "recall": 0.5263157894736842,
      "f1-score": 0.39215686274509803,
      "support": 19.0
    },
    "Good": {
      "precision": 0.32,
      "recall": 0.20512820512820512,
      "f1-score": 0.25,
      "support": 39.0
    },
    "Very Good": {
      "precision": 0.35714285714285715,
      "recall": 0.2777777777777778,
      "f1-score": 0.3125,
      "support": 36.0
    },
    "accuracy": 0.4180327868852459,
    "macro avg": {
      "precision": 0.4028161196911197,
      "recall": 0.45766258595205966,
      "f1-score": 0.41558729260935146,
      "support": 122.0
    },
    "weighted avg": {
      "precision": 0.3990167890372809,
      "recall": 0.4180327868852459,
      "f1-score": 0.39562594268476625,
      "support": 122.0
    }
  },
  "confusion_matrix": [
    [
      23,
      0,
      4,
      1
    ],
    [
      1,
      10,
      2,
      6
    ],
    [
      10,
      10,
      8,
      11
    ],
    [
      3,
      12,
      11,
      10
    ]
  ],
  "feature_importance_top10": {
    "Caste": 0.6491109064668872,
    "Class_XII_Percentage": 0.05707490665628798,
    "Father_occupation": 0.055627466002704046,
    "Mother_occupation": 0.044781193019157985,
    "coaching": 0.04067008568310566,
    "time": 0.039161273226829135,
    "Gender": 0.033706606772422654,
    "medium": 0.03330439195376782,
    "Class_ten_education": 0.02508175081905887,
    "twelve_education": 0.021481419399778746
  }
}